,zip_code,count,review_count,price*review_count,price_1,price_2,price_3,price_4,rating_0.0,rating_1.0,rating_1.5,rating_2.0,rating_2.5,rating_3.0,rating_3.5,rating_4.0,rating_4.5,rating_5,cluster
0,90001,93,49.483870967741936,63.31807145334721,67,26,0,0,0,0,4,8,9,9,14,20,17,12,18
1,90002,21,27.904761904761905,30.562358276643995,19,2,0,0,0,0,3,4,1,0,1,6,3,3,18
2,90003,71,35.929577464788736,43.01428288038088,60,9,1,1,0,2,7,10,7,7,8,11,10,9,18
3,90004,155,240.98709677419356,368.47704474505724,77,74,4,0,0,0,1,2,12,15,27,57,27,14,6
4,90005,147,358.4829931972789,587.7170160581239,56,88,3,0,0,1,2,5,5,19,26,58,30,1,6
5,90006,221,193.19004524886878,269.2422350074732,137,81,3,0,0,0,8,13,15,19,58,65,35,8,6
6,90007,162,173.98765432098764,237.35352842554488,103,59,0,0,0,1,1,15,12,21,35,42,26,9,18
7,90008,56,101.44642857142857,134.05420918367346,38,18,0,0,0,0,4,6,6,9,10,9,9,3,6
8,90010,143,278.55944055944053,411.02127243385985,78,62,3,0,0,1,1,3,14,15,29,47,29,4,6
9,90011,104,47.0,57.394230769230774,85,17,0,2,0,4,6,8,5,13,14,18,24,12,18
10,90012,320,441.675,698.39859375,155,146,17,2,0,2,1,10,15,32,71,125,49,15,18
11,90013,197,537.6700507614213,925.2291736452884,70,116,7,4,0,0,1,0,2,14,31,84,51,14,18
12,90014,161,267.87577639751555,429.26677211527334,77,75,5,4,0,1,1,4,7,11,30,54,45,8,18
13,90015,219,221.29223744292239,353.66339317362025,107,96,13,3,0,3,2,6,10,32,46,59,47,14,18
14,90016,80,124.4125,164.84656249999998,54,26,0,0,0,0,6,14,7,9,9,23,7,5,6
15,90017,177,362.59322033898303,567.4481470841712,90,76,9,2,0,0,1,7,9,23,52,59,23,3,18
16,90018,50,77.76,96.42240000000001,38,12,0,0,0,0,0,4,6,5,12,15,8,0,6
17,90019,161,235.6086956521739,345.36429921685124,91,65,5,0,1,1,2,6,12,13,31,43,44,8,6
18,90020,206,381.97087378640776,636.0000471297955,80,117,7,2,0,0,4,7,3,16,37,83,51,5,6
19,90021,99,209.82828282828282,326.3995510662177,50,44,4,1,0,0,1,6,3,5,10,34,28,12,18
20,90022,175,88.00571428571429,107.11552653061224,137,38,0,0,0,0,3,18,12,17,27,47,38,13,27
21,90023,119,58.48739495798319,69.79168137843372,98,20,0,1,0,0,6,9,4,19,16,27,23,15,18
22,90024,160,352.1375,561.219140625,72,81,7,0,0,0,0,1,12,34,34,54,18,7,4
23,90025,230,394.26521739130436,654.8231001890359,94,124,8,4,0,0,1,4,13,23,65,91,27,6,4
24,90026,214,324.17289719626166,501.40761201851683,102,107,5,0,0,0,1,5,3,14,40,75,60,16,18
25,90027,199,416.4924623115578,678.1083305977122,79,115,5,0,0,0,2,4,11,16,41,81,38,6,6
26,90028,357,341.04481792717087,586.5588745302043,136,188,30,3,0,1,9,14,28,49,88,107,57,4,6
27,90029,136,271.4264705882353,369.21983131487895,90,44,1,1,0,1,2,8,7,9,23,49,32,5,6
28,90031,63,152.14285714285714,188.3673469387755,48,15,0,0,0,1,1,7,0,5,11,16,18,4,18
29,90032,66,118.95454545454545,140.5826446280992,54,12,0,0,0,0,2,2,2,6,13,18,17,6,1
30,90033,136,119.7720588235294,147.07304282006922,106,29,1,0,0,1,4,12,5,10,20,37,34,13,18
31,90034,129,323.2015503875969,450.9789075175771,83,43,1,2,0,0,1,5,8,13,35,35,27,5,4
32,90035,112,201.69642857142858,347.5661670918368,39,67,4,2,0,0,3,5,10,11,28,31,21,3,6
33,90036,240,444.34583333333336,770.1994444444446,74,156,10,0,0,1,2,7,16,28,56,88,34,8,6
34,90037,65,53.323076923076925,65.62840236686391,51,13,1,0,0,0,9,8,4,6,13,13,7,5,18
35,90038,127,382.9448818897638,660.3537727075454,56,56,9,6,0,0,2,7,11,6,24,47,23,7,6
36,90039,85,421.6470588235294,674.635294117647,37,45,3,0,0,0,0,0,3,10,19,35,16,2,20
37,90040,69,101.84057971014492,132.83553875236294,49,19,1,0,0,0,1,7,12,17,13,8,9,2,27
38,90041,116,296.61206896551727,439.80410225921526,60,56,0,0,0,0,2,7,11,9,19,35,29,4,20
39,90042,129,235.53488372093022,326.82747431043805,81,46,2,0,0,0,3,4,4,9,19,54,28,8,20
40,90043,44,148.6818181818182,195.9896694214876,31,12,1,0,0,0,5,3,3,9,11,10,3,0,25
41,90044,58,35.08620689655172,39.925683709869205,50,8,0,0,0,0,10,5,9,3,12,9,6,4,25
42,90045,295,186.00677966101694,318.4183855214019,99,185,8,3,0,2,13,43,58,53,56,45,19,6,25
43,90046,205,413.78536585365856,734.7213325401548,62,128,14,1,0,1,0,5,8,12,44,79,44,12,6
44,90047,62,57.12903225806452,74.6363163371488,43,19,0,0,0,1,6,11,6,8,8,14,5,3,25
45,90048,172,426.98837209302326,863.9067063277447,36,101,30,5,0,0,0,6,9,16,28,73,37,3,6
46,90049,74,272.7432432432432,593.4008400292184,9,45,18,2,0,0,0,0,1,6,17,38,9,3,4
47,90056,8,161.75,242.625,4,4,0,0,0,0,0,1,0,1,2,1,2,1,25
48,90057,89,121.8314606741573,154.68488827168287,69,18,0,2,0,0,2,8,7,10,15,22,17,8,18
49,90058,37,43.67567567567568,57.84075967859752,25,12,0,0,0,2,0,1,4,4,5,9,8,4,18
50,90059,34,76.82352941176471,85.86159169550173,30,4,0,0,0,1,4,3,1,5,6,6,5,3,25
51,90061,34,24.823529411764707,30.6643598615917,26,8,0,0,0,0,2,5,2,7,4,5,4,5,25
52,90062,27,54.666666666666664,68.8395061728395,20,7,0,0,0,0,2,4,2,3,5,8,3,0,18
53,90063,85,70.62352941176471,84.74823529411765,68,17,0,0,0,0,5,8,4,7,12,28,16,5,18
54,90064,152,283.7368421052632,453.60560941828254,73,70,6,3,0,1,0,10,11,17,38,49,22,4,4
55,90065,90,98.57777777777778,112.81679012345678,77,13,0,0,0,1,3,7,6,8,11,21,22,11,20
56,90066,113,337.2920353982301,531.3095778839377,50,61,2,0,0,0,0,0,6,4,27,51,22,3,4
57,90067,94,207.59574468085106,377.64757808963327,28,55,11,0,0,0,0,2,2,20,29,29,8,4,4
58,90068,35,333.8,572.2285714285714,13,19,3,0,0,0,0,1,4,3,7,11,6,3,6
59,90069,185,505.25405405405405,1062.3990650109567,30,110,41,4,0,0,1,4,6,19,56,65,30,4,6
60,90077,14,135.71428571428572,319.8979591836735,2,6,5,1,0,0,0,0,0,0,3,8,2,1,15
61,90094,23,275.9130434782609,503.84120982986764,4,19,0,0,0,0,0,0,0,0,10,8,2,3,4
62,90201,157,75.54777070063695,94.31441437786523,120,35,2,0,0,1,7,14,23,18,28,38,22,6,27
63,90210,105,380.8,921.1733333333333,10,57,22,16,0,0,0,1,1,8,33,38,19,5,6
64,90211,48,504.2916666666667,1061.1137152777778,13,22,8,5,0,1,0,0,2,5,8,19,9,4,6
65,90212,78,294.5769230769231,649.5798816568048,14,41,16,7,0,0,1,1,2,8,18,32,14,2,6
66,90220,75,71.72,87.97653333333332,59,15,1,0,0,0,8,11,9,13,10,10,8,6,25
67,90221,72,39.0,42.79166666666667,65,7,0,0,0,0,5,6,4,8,18,15,10,6,27
68,90222,19,45.31578947368421,54.85595567867036,15,4,0,0,0,0,0,2,4,2,2,5,3,1,25
69,90230,143,261.93706293706293,355.3551762922392,92,51,0,0,0,0,1,12,16,31,37,29,13,4,4
70,90232,146,415.97945205479454,717.9919309438919,47,94,3,2,0,1,0,0,4,14,33,64,23,7,4
71,90240,78,213.35897435897436,292.6847468770546,49,29,0,0,0,0,1,6,8,12,23,16,11,1,27
72,90241,137,287.06569343065695,414.88326495817574,76,61,0,0,0,0,8,8,15,21,32,36,15,2,27
73,90242,89,202.68539325842696,280.11576821108446,56,32,1,0,0,0,4,9,12,10,24,19,9,2,27
74,90245,141,282.1276595744681,442.2000905387053,63,76,2,0,0,0,0,3,6,26,32,55,17,2,25
75,90247,142,261.90140845070425,374.4083515175561,83,58,0,1,0,1,2,11,6,23,24,53,19,3,25
76,90248,90,236.77777777777777,339.3814814814815,55,31,4,0,0,0,0,8,8,11,18,31,11,3,25
77,90249,110,180.95454545454547,259.91652892561984,65,43,1,1,0,0,3,4,10,17,19,35,21,1,25
78,90250,166,124.47590361445783,160.46893598490348,119,46,1,0,0,1,4,13,22,24,37,43,18,4,25
79,90254,98,327.81632653061223,568.6609745939191,32,60,6,0,0,0,0,0,3,9,29,34,23,0,25
80,90255,184,66.04347826086956,85.06687145557656,133,50,0,1,0,1,9,14,26,20,39,38,26,11,18
81,90260,79,165.36708860759492,213.51193718955292,56,23,0,0,0,0,1,9,5,13,16,13,18,4,25
82,90262,116,74.37068965517241,93.60448870392389,87,28,1,0,0,1,12,14,16,16,24,20,12,1,27
83,90265,63,556.4920634920635,1112.984126984127,16,36,6,5,0,0,0,4,3,11,12,24,8,1,8
84,90266,130,390.5769230769231,682.0073964497042,45,75,8,2,0,0,1,5,2,16,34,50,19,3,25
85,90270,59,75.22033898305085,90.51939097960356,47,12,0,0,0,0,4,6,12,7,6,11,9,4,18
86,90272,58,123.17241379310344,214.48989298454222,20,33,5,0,0,0,0,2,3,7,11,20,11,4,4
87,90274,40,133.875,224.240625,14,25,1,0,0,0,0,1,4,7,10,11,5,2,13
88,90275,49,192.75510204081633,350.10620574760515,17,27,2,3,0,0,1,2,6,8,13,15,3,1,13
89,90277,192,333.5260416666667,568.0365397135417,68,114,9,1,0,0,1,3,10,15,45,66,45,7,13
90,90278,95,208.2421052631579,309.0751246537396,53,39,2,1,0,0,0,4,11,15,23,24,17,1,25
91,90280,193,65.6839378238342,80.31818303847083,150,43,0,0,0,2,8,17,30,29,34,48,20,5,27
92,90290,7,304.7142857142857,652.9591836734694,1,4,2,0,0,0,0,0,0,1,1,3,0,2,9
93,90291,162,386.71604938271605,649.3010211857949,64,87,10,1,0,0,2,5,5,14,35,59,35,7,4
94,90292,123,412.9024390243902,745.2385484830457,40,68,14,1,0,0,0,3,7,18,39,45,10,1,4
95,90293,29,318.13793103448273,548.513674197384,10,17,2,0,0,0,0,0,0,3,6,15,4,1,4
96,90301,97,178.11340206185568,235.03624189605696,66,31,0,0,0,0,2,8,5,9,19,31,17,6,25
97,90302,45,146.33333333333334,208.11851851851853,27,17,1,0,0,0,4,3,4,4,9,9,8,4,25
98,90303,54,82.38888888888889,109.85185185185185,36,18,0,0,0,0,6,10,8,11,9,6,3,1,25
99,90304,61,89.08196721311475,106.60628863208815,49,12,0,0,0,1,3,3,5,8,14,19,7,1,25
100,90305,15,68.0,99.73333333333332,8,7,0,0,0,0,1,1,1,3,2,3,1,3,25
101,90401,222,523.472972972973,1004.5021913805698,51,142,25,4,0,0,2,6,18,25,49,84,35,3,4
102,90402,19,292.8421052631579,631.9224376731303,3,11,4,1,0,0,0,0,1,1,11,4,2,0,4
103,90403,89,377.0449438202247,720.1982072970585,24,53,8,4,0,0,0,1,2,7,29,38,10,2,4
104,90404,62,203.67741935483872,318.6566077003122,32,26,3,1,0,0,0,1,8,11,16,17,7,2,4
105,90405,163,331.76073619631904,555.648349580338,64,89,9,1,0,0,1,6,7,21,36,58,28,6,4
106,90501,147,253.4625850340136,372.4348188254894,86,53,8,0,0,0,2,6,3,20,31,58,22,5,13
107,90502,40,99.6,139.43999999999997,27,11,1,1,0,0,1,3,10,5,9,7,5,0,13
108,90503,138,262.5072463768116,378.54305818105445,81,55,0,2,0,0,2,9,20,22,28,45,11,1,13
109,90504,67,206.83582089552237,299.4488750278458,38,28,1,0,0,0,1,5,8,9,12,19,12,1,25
110,90505,184,274.0326086956522,433.38852788279775,80,101,3,0,0,0,3,4,9,29,49,64,21,5,13
111,90601,83,230.27710843373495,341.2540281608361,44,38,1,0,0,1,3,5,5,7,17,22,20,3,27
112,90602,56,209.39285714285714,310.3501275510204,29,27,0,0,0,0,1,6,5,7,8,15,12,2,27
113,90603,51,249.35294117647058,400.9204152249135,20,31,0,0,0,0,0,5,5,5,10,17,8,1,14
114,90604,37,86.16216216216216,97.80569758948137,32,5,0,0,0,0,0,4,4,4,9,9,7,0,14
115,90605,77,150.23376623376623,193.15769944341375,57,19,0,1,0,1,1,11,9,12,15,22,4,2,27
116,90606,59,87.84745762711864,110.18155702384372,44,15,0,0,0,0,1,9,8,9,14,13,4,1,27
117,90620,74,215.6081081081081,300.1031775018261,47,25,2,0,0,0,0,6,10,15,13,19,10,1,14
118,90621,133,253.42105263157896,396.3276612584092,60,71,2,0,0,0,3,3,9,11,34,50,22,1,14
119,90623,39,271.6923076923077,348.3234714003945,28,11,0,0,0,0,0,4,0,5,11,8,10,1,14
120,90630,129,242.2325581395349,339.8766901027583,77,52,0,0,0,1,1,8,20,9,29,35,25,1,14
121,90631,168,175.10119047619048,237.6373299319728,109,58,1,0,0,0,5,10,21,20,30,41,35,6,24
122,90638,106,158.80188679245282,215.73086507653966,70,34,2,0,0,2,5,5,13,12,23,27,16,3,14
123,90640,179,124.44134078212291,161.28710090196935,126,53,0,0,0,1,4,14,20,19,42,48,23,8,27
124,90650,181,103.7182320441989,130.07756173498979,135,46,0,0,0,2,4,21,31,32,28,37,19,7,27
125,90660,171,113.08771929824562,142.18631373756028,129,40,2,0,0,0,4,12,23,24,34,45,23,6,27
126,90670,70,102.05714285714286,122.46857142857144,56,14,0,0,0,0,2,6,8,9,13,18,11,3,27
127,90680,25,179.04,229.1712,18,7,0,0,0,0,0,1,0,7,6,4,7,0,14
128,90701,147,325.4013605442177,484.78161876995705,75,72,0,0,0,1,2,12,11,10,29,47,31,4,14
129,90703,180,411.43888888888887,624.0156481481481,87,93,0,0,0,0,2,6,18,37,37,52,28,0,14
130,90706,152,166.84868421052633,211.85392139889197,111,41,0,0,0,1,2,13,13,20,20,52,26,5,27
131,90710,48,89.64583333333333,119.52777777777777,32,16,0,0,0,2,1,4,4,6,7,8,16,0,13
132,90712,112,224.15178571428572,324.21954719387753,64,47,0,1,0,0,1,10,18,26,21,19,13,4,7
133,90713,60,159.01666666666668,204.07138888888892,46,12,1,1,0,0,2,6,10,14,8,11,9,0,7
134,90715,30,145.6,203.83999999999997,18,12,0,0,0,0,1,3,3,6,5,4,7,1,14
135,90716,43,187.67441860465115,253.14223904813412,28,15,0,0,0,0,3,2,4,6,5,15,7,1,14
136,90717,74,188.64864864864865,282.97297297297297,38,35,1,0,0,1,2,5,8,7,10,25,15,1,13
137,90720,73,278.7260273972603,408.543629198724,40,32,1,0,0,0,0,4,6,6,11,28,17,1,14
138,90723,118,108.37288135593221,157.04883654122378,68,48,1,1,0,2,5,16,18,16,19,21,16,5,27
139,90731,133,169.66165413533835,239.82248855220757,79,53,1,0,0,1,2,6,12,15,30,35,28,4,13
140,90732,37,127.24324324324324,185.7063550036523,20,17,0,0,0,0,0,2,6,6,9,11,3,0,13
141,90740,81,287.01234567901236,428.74683737235176,44,34,3,0,0,0,0,2,10,7,17,30,14,1,7
142,90744,68,62.55882352941177,69.91868512110727,60,8,0,0,0,1,0,5,2,9,3,24,17,7,13
143,90745,127,132.3779527559055,164.69068138136277,97,29,1,0,0,0,5,14,20,18,30,21,18,1,13
144,90746,84,157.26190476190476,215.29903628117913,55,27,2,0,0,0,1,15,15,19,15,14,5,0,13
145,90755,34,224.97058823529412,324.22231833910035,21,11,2,0,0,2,0,3,7,3,7,9,3,0,7
146,90802,244,383.23770491803276,651.818227626982,85,148,10,1,0,0,2,13,15,22,63,80,40,9,7
147,90803,160,514.44375,880.9849218749999,51,105,3,1,0,0,0,2,4,17,31,75,27,4,7
148,90804,112,248.92857142857142,320.05102040816325,81,30,1,0,0,0,0,10,9,10,29,34,20,0,7
149,90805,115,89.07826086956521,103.79553875236294,96,19,0,0,0,1,10,13,16,13,24,25,10,3,7
150,90806,84,103.29761904761905,125.4328231292517,66,18,0,0,0,0,2,9,11,11,23,13,9,6,7
151,90807,120,249.55,374.32500000000005,60,60,0,0,0,0,2,4,8,16,28,37,21,4,7
152,90808,92,220.52173913043478,323.5916824196598,49,43,0,0,0,1,1,3,9,8,29,28,11,2,7
153,90810,60,68.26666666666667,79.64444444444445,51,8,1,0,0,0,2,4,6,9,12,10,15,2,7
154,90813,86,112.77906976744185,131.13845321795566,72,14,0,0,0,0,1,5,7,11,16,27,15,4,7
155,90814,42,500.5,738.8333333333334,22,20,0,0,0,0,0,0,0,1,10,15,15,1,7
156,90815,104,252.08653846153845,332.07553624260356,71,33,0,0,0,0,0,4,14,18,26,25,14,3,7
157,91001,35,135.88571428571427,190.23999999999998,21,14,0,0,0,0,0,3,2,2,7,11,7,3,1
158,91006,95,225.65263157894736,325.41484764542935,54,40,1,0,0,0,1,6,5,10,23,35,12,3,1
159,91007,153,319.7647058823529,474.4221453287197,82,68,3,0,0,1,2,6,13,27,43,49,8,4,1
160,91010,68,124.29411764705883,160.85121107266437,48,20,0,0,0,0,1,7,8,10,15,17,9,1,12
161,91011,56,219.25,344.5357142857143,25,30,1,0,0,0,0,1,5,8,16,16,10,0,20
162,91016,147,219.7278911564626,318.38123004303765,81,66,0,0,0,0,1,5,14,20,30,46,26,5,12
163,91020,45,325.06666666666666,549.0014814814815,14,31,0,0,0,0,0,1,2,2,10,21,8,1,20
164,91024,24,204.33333333333334,323.52777777777777,10,14,0,0,0,0,0,0,0,0,5,9,9,1,1
165,91030,69,298.4782608695652,449.88027725267796,35,33,1,0,0,0,2,0,3,11,19,24,9,1,1
166,91040,45,124.75555555555556,163.5683950617284,31,14,0,0,0,1,1,3,6,5,6,11,11,1,20
167,91042,35,129.9142857142857,178.1681632653061,22,13,0,0,0,0,0,3,2,1,7,11,11,0,20
168,91101,139,452.6546762589928,758.7664717147146,53,79,6,1,0,1,0,3,8,19,28,52,25,3,1
169,91103,71,484.88732394366195,792.2102757389407,28,41,2,0,0,0,1,1,7,5,13,27,15,2,1
170,91104,82,214.6951219512195,298.47858417608563,52,28,2,0,0,0,2,6,2,10,19,27,13,3,1
171,91105,126,554.4047619047619,998.8085789871504,34,84,7,1,0,0,0,0,8,9,21,58,28,2,1
172,91106,75,391.82666666666665,600.800888888889,42,27,5,1,0,0,0,4,4,10,16,30,11,0,1
173,91107,127,313.6377952755906,442.0564201128402,77,49,0,1,0,0,0,9,9,17,27,43,15,7,1
174,91108,22,242.5,440.9090909090909,6,14,2,0,0,0,0,1,1,2,7,9,2,0,1
175,91201,62,180.30645161290323,258.8270031217482,37,24,0,1,0,0,1,2,7,3,11,15,20,3,20
176,91202,33,218.75757575757575,318.19283746556476,19,13,1,0,0,0,0,1,1,3,6,16,6,0,20
177,91203,85,418.3764705882353,679.2465051903114,33,51,1,0,0,0,0,2,6,11,13,32,13,8,20
178,91204,78,293.11538461538464,413.3678500986194,48,28,2,0,0,0,0,3,7,4,13,26,19,6,20
179,91205,111,247.17117117117118,371.87014041068096,60,47,3,1,0,0,1,3,7,18,16,38,25,3,20
180,91206,39,316.97435897435895,512.0355029585799,16,22,1,0,0,1,0,1,2,6,8,11,8,2,20
181,91207,4,143.5,215.25,2,2,0,0,0,0,0,0,0,0,1,0,3,0,20
182,91208,20,228.9,343.35,10,10,0,0,0,0,0,0,2,1,3,10,4,0,20
183,91210,48,400.5625,625.87890625,21,27,0,0,0,0,0,3,2,13,13,15,1,1,20
184,91214,54,131.92592592592592,180.78737997256516,34,20,0,0,0,0,0,1,1,7,14,13,15,3,20
185,91301,64,239.953125,412.41943359375,19,44,1,0,0,0,0,4,5,6,12,19,15,3,8
186,91302,55,262.94545454545454,435.0552066115702,22,30,3,0,0,0,0,2,3,10,11,16,7,6,9
187,91303,127,193.3228346456693,261.8230516461033,85,40,1,1,0,0,2,9,17,20,20,36,18,5,9
188,91304,64,141.671875,188.157958984375,44,19,1,0,0,0,0,7,5,6,9,18,14,5,9
189,91306,56,151.78571428571428,197.86352040816325,39,17,0,0,0,0,0,3,6,6,12,14,10,5,9
190,91307,46,158.91304347826087,234.91493383742912,24,22,0,0,0,0,0,4,9,8,9,9,5,2,9
191,91311,108,186.2037037037037,260.3403635116598,65,43,0,0,0,0,2,10,8,19,19,32,15,3,9
192,91316,57,374.5263157894737,624.2105263157895,20,36,1,0,0,0,0,1,4,5,14,22,10,1,9
193,91321,95,187.93684210526317,273.00299168975073,52,43,0,0,0,0,3,9,3,11,20,24,20,5,2
194,91324,208,304.2932692307692,450.5881102071006,108,100,0,0,0,0,3,11,16,35,38,65,34,6,9
195,91325,79,199.68354430379748,275.51273834321427,49,30,0,0,0,0,2,5,13,8,15,22,12,2,22
196,91326,35,214.2,312.11999999999995,19,16,0,0,0,0,1,2,4,3,13,7,5,0,9
197,91331,124,68.3225806451613,79.34235171696152,105,18,1,0,0,1,7,14,11,20,22,25,19,5,22
198,91335,144,165.46527777777777,207.98066165123456,107,37,0,0,0,0,4,12,18,14,25,41,24,6,9
199,91340,99,120.70707070707071,160.94276094276094,67,31,1,0,0,1,8,7,10,9,19,24,16,5,22
200,91342,102,100.05882352941177,124.58304498269896,77,25,0,0,0,0,2,18,9,16,20,26,7,4,22
201,91343,67,95.43283582089552,118.22276676319893,52,14,1,0,0,1,1,9,12,8,13,13,9,1,22
202,91344,106,251.41509433962264,372.3789604841581,58,45,3,0,0,0,5,7,15,10,20,25,18,6,22
203,91345,36,129.05555555555554,164.9043209876543,26,10,0,0,0,0,0,5,6,7,9,4,3,2,22
204,91350,78,187.07692307692307,280.6153846153846,39,39,0,0,0,0,2,5,6,11,18,25,9,2,2
205,91351,93,150.1290322580645,213.08636836628511,54,39,0,0,0,1,3,5,8,13,22,24,9,8,2
206,91352,80,93.3875,124.90578124999999,55,24,0,1,0,1,4,5,10,7,12,20,13,8,15
207,91354,21,212.42857142857142,333.81632653061223,10,10,1,0,0,0,0,1,0,3,4,7,2,4,2
208,91355,189,218.35449735449737,341.9731810419641,88,97,2,2,0,3,7,9,20,37,39,51,21,2,2
209,91356,112,275.9642857142857,482.9375,41,60,9,2,0,0,0,3,8,9,17,33,33,9,9
210,91361,40,279.225,530.5275,10,24,6,0,0,0,0,0,3,3,11,16,7,0,8
211,91362,54,290.5925925925926,527.3717421124829,15,34,5,0,0,0,0,0,4,5,12,19,12,2,8
212,91364,127,276.37795275590554,459.17911835823674,47,77,2,1,0,0,0,2,5,11,29,52,23,5,9
213,91367,99,324.0808080808081,549.9553106825834,37,57,3,2,0,0,0,2,5,19,22,38,7,6,9
214,91377,11,133.0,217.63636363636365,4,7,0,0,0,0,0,0,1,1,0,6,3,0,8
215,91381,38,210.26315789473685,326.4612188365651,18,19,1,0,0,0,0,5,5,8,11,1,7,1,2
216,91384,39,81.3076923076923,97.98619329388559,32,6,1,0,0,0,2,3,5,3,2,13,10,1,2
217,91387,41,146.1219512195122,224.5288518738846,20,20,1,0,0,0,0,3,6,6,4,13,7,2,2
218,91390,10,154.4,308.8,1,8,1,0,0,0,0,0,0,0,3,5,1,1,2
219,91401,80,161.8375,228.59546875,48,31,1,0,0,0,3,4,4,6,13,27,20,3,15
220,91402,120,96.825,116.19,96,24,0,0,0,1,6,13,14,17,22,25,17,5,22
221,91403,100,429.87,717.8829,37,59,4,0,0,0,1,3,3,11,22,42,13,5,15
222,91405,113,120.80530973451327,158.22288354608818,78,35,0,0,0,0,3,5,16,17,17,34,16,5,15
223,91406,112,153.38392857142858,216.3808992346939,71,37,3,1,0,0,0,3,13,18,21,33,20,4,22
224,91411,55,204.54545454545453,286.3636363636363,33,22,0,0,0,0,3,6,5,4,8,19,8,2,15
225,91423,111,344.3693693693694,595.6659362064768,36,70,4,1,0,0,1,4,7,11,22,42,21,3,15
226,91436,64,291.671875,555.99951171875,17,38,7,2,0,1,0,1,1,12,16,20,11,2,15
227,91501,9,162.77777777777777,325.55555555555554,1,7,1,0,0,0,0,0,1,2,0,4,0,2,20
228,91502,149,373.06040268456377,610.9177064096212,58,88,2,1,0,0,0,2,13,24,40,46,24,0,20
229,91504,53,214.66037735849056,295.6642933428266,33,20,0,0,0,0,1,5,9,7,5,14,9,3,20
230,91505,144,342.84722222222223,552.3649691358025,60,81,2,1,0,0,1,12,7,20,36,45,20,3,15
231,91506,60,262.31666666666666,375.9872222222222,34,26,0,0,0,0,1,4,1,8,12,20,12,2,20
232,91601,138,302.92028985507244,452.1853602184415,70,68,0,0,0,2,1,4,11,9,32,47,25,7,15
233,91602,65,402.2307692307692,674.5100591715976,23,40,2,0,0,1,0,2,5,4,9,28,14,2,15
234,91604,172,438.3081395348837,800.1671849648458,46,114,8,4,0,0,0,0,9,12,33,73,41,4,15
235,91605,116,149.33620689655172,208.55573721759808,75,38,1,2,0,1,5,5,15,11,18,29,22,10,15
236,91606,108,149.25925925925927,192.10219478737997,77,31,0,0,0,0,2,13,9,6,23,36,12,7,15
237,91607,72,260.5416666666667,412.52430555555554,31,40,1,0,0,1,0,4,5,3,10,27,16,6,15
238,91701,1,995.0,1990.0,0,1,0,0,0,0,0,0,0,0,1,0,0,0,14
239,91702,129,133.1627906976744,163.0986118622679,100,29,0,0,0,0,2,9,16,18,25,35,21,3,12
240,91706,161,91.77018633540372,110.0102233710119,129,32,0,0,0,2,7,14,16,31,23,37,25,6,12
241,91709,33,270.3333333333333,409.5959595959596,16,17,0,0,0,0,1,3,0,2,11,12,4,0,5
242,91710,31,105.54838709677419,125.97710718002081,25,6,0,0,0,0,0,3,4,2,6,9,7,0,5
243,91711,112,334.41964285714283,537.4601403061224,47,62,3,0,0,0,1,3,7,10,26,46,18,1,5
244,91722,95,154.89473684210526,202.17839335180057,67,27,1,0,0,1,2,9,11,13,15,22,16,6,12
245,91723,72,237.375,349.46875,39,32,1,0,0,0,0,2,7,4,17,24,14,4,12
246,91724,37,86.16216216216216,95.47699050401754,34,2,1,0,0,0,2,3,6,3,8,13,2,0,12
247,91731,98,112.61224489795919,140.19075385256144,75,22,1,0,0,0,3,12,5,14,23,25,13,3,1
248,91732,95,101.77894736842106,119.99202216066482,78,17,0,0,0,0,4,12,7,9,15,24,20,4,12
249,91733,109,89.77981651376147,104.60584125915327,91,18,0,0,0,0,4,6,13,17,25,25,14,5,1
250,91740,99,206.4848484848485,291.9987756351393,58,41,0,0,0,0,2,8,6,9,20,31,23,0,12
251,91741,35,181.4857142857143,264.45061224489797,19,16,0,0,0,0,0,2,3,4,5,9,11,1,12
252,91744,121,99.05785123966942,122.79898914008606,94,25,2,0,0,1,3,10,11,13,18,34,20,11,12
253,91745,103,230.06796116504853,328.34942030351584,61,41,0,1,0,0,1,6,11,13,29,24,17,2,12
254,91746,63,120.0,142.85714285714286,51,12,0,0,0,0,1,6,4,9,13,13,11,6,12
255,91748,312,304.375,465.34254807692304,154,152,5,1,0,2,0,9,22,49,83,114,28,5,24
256,91750,92,193.7608695652174,294.85349716446126,46,45,0,1,0,0,0,3,9,13,26,23,17,1,5
257,91754,167,365.47305389221555,542.7384273369428,87,79,1,0,0,0,1,5,9,30,45,62,15,0,1
258,91755,44,258.5,370.125,25,19,0,0,0,0,0,4,4,6,13,10,5,2,1
259,91762,35,198.9142857142857,250.06367346938774,26,9,0,0,0,0,3,5,3,3,4,11,6,0,5
260,91763,83,172.48192771084337,245.21527072143996,48,35,0,0,0,0,3,9,12,14,16,18,10,1,5
261,91764,1,61.0,61.0,1,0,0,0,0,0,0,0,0,0,0,1,0,0,5
262,91765,79,164.16455696202533,220.27143086043907,52,27,0,0,0,0,1,3,10,13,17,18,13,4,24
263,91766,128,115.421875,144.27734375,96,32,0,0,0,0,7,6,14,23,31,25,18,4,5
264,91767,101,135.4257425742574,163.5835702382119,80,21,0,0,0,1,6,12,10,7,25,21,17,2,5
265,91768,68,144.0441176470588,190.64662629757782,48,18,2,0,0,0,2,6,13,6,13,17,11,0,5
266,91770,163,207.12269938650306,271.9279611577402,112,51,0,0,0,1,0,12,11,30,46,41,21,1,1
267,91773,89,203.12359550561797,287.5682363337962,54,33,2,0,0,0,0,6,8,14,28,17,10,6,5
268,91775,16,293.375,476.734375,7,8,1,0,0,0,0,2,1,1,4,6,1,1,1
269,91776,198,327.74747474747477,466.7918579736762,120,72,6,0,0,1,3,5,14,27,56,66,24,2,1
270,91780,81,257.08641975308643,361.82533150434386,50,29,2,0,0,0,0,5,6,10,34,18,6,2,1
271,91784,43,186.2325581395349,281.51433207138996,21,22,0,0,0,0,0,2,2,11,9,12,6,1,5
272,91786,109,201.8440366972477,287.0259237437926,64,44,1,0,0,0,5,7,8,12,20,36,17,4,5
273,91789,112,193.77678571428572,261.25263073979596,75,36,0,1,0,0,1,6,10,10,27,38,19,1,12
274,91790,135,229.5185185185185,307.72482853223596,89,46,0,0,0,1,4,6,10,23,21,50,18,2,12
275,91791,71,306.98591549295776,423.7270382860543,44,27,0,0,0,0,1,5,7,16,18,20,4,0,12
276,91792,54,121.14814814814815,152.55692729766804,40,14,0,0,0,0,4,5,6,4,12,16,7,0,12
277,91801,169,419.53846153846155,583.3818843878015,104,64,1,0,0,1,0,6,13,18,51,65,14,1,1
278,91803,73,302.5342465753425,401.9975605179208,50,22,1,0,0,0,1,4,10,11,22,18,6,1,1
279,92056,1,5.0,10.0,0,1,0,0,0,0,0,0,0,0,0,1,0,0,10
280,92081,1,32.0,64.0,0,1,0,0,0,0,0,0,0,0,0,0,0,1,10
281,92336,1,45.0,90.0,0,1,0,0,0,0,0,0,0,0,0,0,1,0,21
282,92345,1,28.0,28.0,1,0,0,0,0,0,0,0,0,0,0,0,0,1,11
283,92392,1,15.0,15.0,1,0,0,0,0,0,0,0,0,0,0,0,1,0,11
284,92397,11,127.36363636363636,208.4132231404959,4,7,0,0,0,0,0,0,0,1,1,3,6,0,23
285,92407,1,5.0,5.0,1,0,0,0,0,0,0,0,0,0,0,1,0,0,21
286,92501,1,579.0,1158.0,0,1,0,0,0,0,0,0,1,0,0,0,0,0,20
287,92602,2,41.5,62.25,1,1,0,0,0,0,0,0,0,0,1,1,0,0,14
288,92606,1,620.0,620.0,1,0,0,0,0,0,0,0,0,0,0,0,1,0,26
289,92612,2,12.5,18.75,1,1,0,0,0,0,0,0,0,0,0,0,0,2,26
290,92626,2,45.0,90.0,1,0,1,0,0,0,0,0,0,1,0,0,0,1,3
291,92627,1,63.0,63.0,1,0,0,0,0,0,0,0,0,0,0,0,1,0,3
292,92647,1,85.0,170.0,0,1,0,0,0,0,0,0,0,0,0,1,0,0,3
293,92649,2,515.0,1030.0,0,2,0,0,0,0,0,0,0,0,1,0,1,0,7
294,92651,1,65.0,130.0,0,1,0,0,0,0,0,0,0,0,0,0,1,0,26
295,92660,1,51.0,102.0,0,1,0,0,0,0,0,0,0,0,0,0,1,0,26
296,92683,3,80.66666666666667,107.55555555555556,2,1,0,0,0,0,0,1,0,1,0,0,0,1,14
297,92692,1,189.0,189.0,1,0,0,0,0,0,0,0,0,0,0,1,0,0,12
298,92701,4,180.0,180.0,4,0,0,0,0,0,0,0,0,0,1,1,1,1,3
299,92703,3,40.666666666666664,40.666666666666664,3,0,0,0,0,0,0,0,0,0,1,0,1,1,3
300,92704,1,59.0,118.0,0,1,0,0,0,0,0,0,0,0,0,0,1,0,3
301,92706,1,491.0,982.0,0,1,0,0,0,0,0,0,0,0,0,1,0,0,7
302,92707,4,71.0,88.75,3,1,0,0,0,0,0,0,0,0,0,1,2,1,3
303,92780,1,7.0,7.0,1,0,0,0,0,0,0,0,0,0,0,0,0,1,26
304,92801,4,78.25,97.8125,3,1,0,0,0,0,0,0,0,1,1,1,1,0,14
305,92802,3,42.0,84.0,0,3,0,0,0,0,0,0,1,0,1,0,1,0,24
306,92804,12,161.75,215.66666666666666,9,2,1,0,0,0,1,0,2,0,2,2,5,0,14
307,92805,1,1.0,1.0,1,0,0,0,0,0,0,0,0,0,0,0,0,1,3
308,92806,1,60.0,120.0,0,1,0,0,0,0,0,0,0,0,0,1,0,0,3
309,92807,1,185.0,370.0,0,1,0,0,0,0,0,0,0,0,0,0,1,0,26
310,92821,170,349.3705882352941,536.3866089965398,82,85,3,0,0,0,2,4,20,31,44,48,20,1,24
311,92823,4,396.5,594.75,2,2,0,0,0,0,0,0,0,2,1,1,0,0,24
312,92832,2,12.0,12.0,2,0,0,0,0,0,0,0,0,0,0,0,1,1,24
313,92833,22,122.31818181818181,166.797520661157,14,8,0,0,0,0,2,1,0,6,2,6,4,1,14
314,92835,14,127.07142857142857,145.22448979591834,12,2,0,0,0,0,1,2,3,2,2,1,2,1,24
315,92841,2,126.0,189.0,1,1,0,0,0,0,0,0,0,0,0,1,1,0,14
316,92843,2,96.5,96.5,2,0,0,0,0,0,0,0,0,0,0,1,1,0,3
317,92845,1,161.0,161.0,1,0,0,0,0,0,0,0,0,0,0,1,0,0,14
318,92886,1,16.0,32.0,0,1,0,0,0,0,0,0,0,0,1,0,0,0,24
319,93004,1,5.0,10.0,0,1,0,0,0,0,0,0,0,0,0,0,0,1,17
320,93010,1,17.0,34.0,0,1,0,0,0,0,0,0,0,0,0,1,0,0,6
321,93033,1,68.0,68.0,1,0,0,0,0,0,0,0,0,0,0,0,1,0,17
322,93036,2,16.5,41.25,1,0,0,1,0,0,0,0,0,0,1,1,0,0,17
323,93063,5,168.0,268.8,2,3,0,0,0,0,0,0,0,2,2,0,1,0,9
324,93243,9,109.55555555555556,133.90123456790124,7,2,0,0,0,0,0,2,0,0,4,3,0,0,19
325,93436,3,92.66666666666667,185.33333333333334,0,3,0,0,0,0,0,0,0,0,1,1,1,0,22
326,93453,1,350.0,700.0,0,1,0,0,0,0,0,0,0,0,0,1,0,0,4
327,93510,16,78.5,122.65625,7,9,0,0,0,0,0,1,2,2,1,8,2,0,16
328,93532,3,67.66666666666667,112.77777777777779,1,2,0,0,0,0,0,0,0,0,0,0,2,1,2
329,93534,134,98.6268656716418,133.95589218088662,86,48,0,0,0,1,6,14,20,26,20,33,13,1,16
330,93535,54,46.148148148148145,55.54869684499314,43,11,0,0,0,1,3,13,5,8,8,9,4,3,16
331,93536,81,108.8395061728395,153.18152720621856,50,29,2,0,0,1,4,7,7,17,15,17,13,0,16
332,93543,8,54.375,54.375,8,0,0,0,0,0,0,1,0,1,1,3,2,0,0
333,93550,96,76.63541666666667,100.583984375,66,30,0,0,0,0,12,9,12,15,16,13,14,5,16
334,93551,113,143.68141592920355,221.24395019187094,54,58,0,1,0,0,6,7,15,23,31,23,8,0,16
335,93552,32,73.53125,82.72265625,28,4,0,0,0,0,2,6,7,7,3,3,4,0,0
336,93553,2,41.5,41.5,2,0,0,0,0,0,0,0,0,0,0,1,0,1,0
337,93560,2,43.0,64.5,1,1,0,0,0,0,0,0,0,0,1,1,0,0,16
338,93591,7,31.142857142857142,31.142857142857142,7,0,0,0,0,0,0,0,0,2,1,3,1,0,0
339,93955,1,23.0,23.0,1,0,0,0,0,0,1,0,0,0,0,0,0,0,18
340,95020,1,36.0,36.0,1,0,0,0,0,0,0,0,0,1,0,0,0,0,8
341,96137,1,20.0,40.0,0,1,0,0,0,0,0,0,0,0,0,0,1,0,4
342,97630,1,39.0,39.0,1,0,0,0,0,0,0,1,0,0,0,0,0,0,5
343,98188,1,3.0,6.0,0,1,0,0,0,0,0,0,0,1,0,0,0,0,12
