,zip_code,count,review_count,price*review_count,price_1,price_2,price_3,price_4,rating_0.0,rating_1.0,rating_1.5,rating_2.0,rating_2.5,rating_3.0,rating_3.5,rating_4.0,rating_4.5,rating_5,cluster_0,cluster_1,cluster_2,cluster_3,cluster_4,cluster_5,cluster_6,cluster_7,cluster_8,cluster_9,cluster_10,cluster_11,cluster_12,cluster_13,cluster_14,cluster_15,cluster_16,cluster_17,cluster_18,cluster_19,cluster_20,cluster_21,cluster_22,cluster_23,cluster_24,cluster_25,cluster_26,cluster_27,cluster_28,cluster_29,cluster_30,cluster_31,cluster_32,cluster_33,cluster_34,cluster_35,cluster_36,cluster_37,cluster_38
194,91324,208,304.2932692307692,450.5881102071006,108,100,0,0,0,0,3,11,16,35,38,65,34,6,0,0,0,1,0,0,0,0,0,0,0,0,0,0,0,0,0,0,0,0,0,0,0,0,0,0,0,0,0,0,0,0,0,0,0,0,0,0,0
157,91001,35,135.88571428571427,190.23999999999998,21,14,0,0,0,0,0,3,2,2,7,11,7,3,0,0,0,0,0,0,0,0,0,0,1,0,0,0,0,0,0,0,0,0,0,0,0,0,0,0,0,0,0,0,0,0,0,0,0,0,0,0,0
225,91423,111,344.3693693693694,595.6659362064768,36,70,4,1,0,0,1,4,7,11,22,42,21,3,0,0,0,0,0,0,0,0,0,0,0,0,0,0,0,1,0,0,0,0,0,0,0,0,0,0,0,0,0,0,0,0,0,0,0,0,0,0,0
208,91355,189,218.35449735449737,341.9731810419641,88,97,2,2,0,3,7,9,20,37,39,51,21,2,0,0,0,0,0,0,0,0,0,0,0,0,0,0,0,0,0,0,0,0,0,0,0,0,0,1,0,0,0,0,0,0,0,0,0,0,0,0,0
318,92886,1,16.0,32.0,0,1,0,0,0,0,0,0,0,0,1,0,0,0,0,0,0,0,0,0,0,0,0,0,0,0,0,0,0,0,0,0,0,0,0,0,0,0,0,0,0,1,0,0,0,0,0,0,0,0,0,0,0
329,93534,134,98.6268656716418,133.95589218088662,86,48,0,0,0,1,6,14,20,26,20,33,13,1,0,0,0,0,0,0,0,0,0,0,0,0,0,0,0,0,0,0,0,0,1,0,0,0,0,0,0,0,0,0,0,0,0,0,0,0,0,0,0
319,93004,1,5.0,10.0,0,1,0,0,0,0,0,0,0,0,0,0,0,1,0,0,0,0,0,0,0,0,1,0,0,0,0,0,0,0,0,0,0,0,0,0,0,0,0,0,0,0,0,0,0,0,0,0,0,0,0,0,0
260,91763,83,172.48192771084337,245.21527072143996,48,35,0,0,0,0,3,9,12,14,16,18,10,1,0,0,0,0,0,0,0,0,0,0,0,1,0,0,0,0,0,0,0,0,0,0,0,0,0,0,0,0,0,0,0,0,0,0,0,0,0,0,0
114,90604,37,86.16216216216216,97.80569758948137,32,5,0,0,0,0,0,4,4,4,9,9,7,0,0,0,0,0,0,0,0,0,0,0,0,0,0,0,0,0,0,0,0,0,0,0,0,0,0,0,0,0,0,0,0,0,0,0,0,1,0,0,0
220,91402,120,96.825,116.19,96,24,0,0,0,1,6,13,14,17,22,25,17,5,0,0,0,0,0,0,0,0,0,0,0,0,0,0,0,0,1,0,0,0,0,0,0,0,0,0,0,0,0,0,0,0,0,0,0,0,0,0,0
310,92821,170,349.3705882352941,536.3866089965398,82,85,3,0,0,0,2,4,20,31,44,48,20,1,0,0,0,0,0,0,0,0,0,0,0,0,0,0,0,0,0,0,0,0,0,0,0,0,0,0,0,1,0,0,0,0,0,0,0,0,0,0,0
104,90404,62,203.67741935483872,318.6566077003122,32,26,3,1,0,0,0,1,8,11,16,17,7,2,0,0,0,0,0,0,0,0,0,0,0,0,0,0,0,0,0,0,0,0,0,0,0,0,1,0,0,0,0,0,0,0,0,0,0,0,0,0,0
42,90045,295,186.00677966101694,318.4183855214019,99,185,8,3,0,2,13,43,58,53,56,45,19,6,0,0,0,0,0,0,0,0,0,0,0,0,0,0,0,0,0,0,1,0,0,0,0,0,0,0,0,0,0,0,0,0,0,0,0,0,0,0,0
90,90278,95,208.2421052631579,309.0751246537396,53,39,2,1,0,0,0,4,11,15,23,24,17,1,0,0,0,0,0,0,0,0,0,1,0,0,0,0,0,0,0,0,0,0,0,0,0,0,0,0,0,0,0,0,0,0,0,0,0,0,0,0,0
300,92704,1,59.0,118.0,0,1,0,0,0,0,0,0,0,0,0,0,1,0,0,1,0,0,0,0,0,0,0,0,0,0,0,0,0,0,0,0,0,0,0,0,0,0,0,0,0,0,0,0,0,0,0,0,0,0,0,0,0
63,90210,105,380.8,921.1733333333333,10,57,22,16,0,0,0,1,1,8,33,38,19,5,0,0,0,0,0,0,0,0,0,0,0,0,0,0,0,0,0,0,0,0,0,0,0,0,1,0,0,0,0,0,0,0,0,0,0,0,0,0,0
110,90505,184,274.0326086956522,433.38852788279775,80,101,3,0,0,0,3,4,9,29,49,64,21,5,0,0,0,0,0,0,0,0,0,0,0,0,0,0,0,0,0,0,0,0,0,0,0,1,0,0,0,0,0,0,0,0,0,0,0,0,0,0,0
224,91411,55,204.54545454545453,286.3636363636363,33,22,0,0,0,0,3,6,5,4,8,19,8,2,0,0,0,0,0,0,0,0,0,0,0,0,0,0,0,1,0,0,0,0,0,0,0,0,0,0,0,0,0,0,0,0,0,0,0,0,0,0,0
333,93550,96,76.63541666666667,100.583984375,66,30,0,0,0,0,12,9,12,15,16,13,14,5,0,0,0,0,1,0,0,0,0,0,0,0,0,0,0,0,0,0,0,0,0,0,0,0,0,0,0,0,0,0,0,0,0,0,0,0,0,0,0
75,90247,142,261.90140845070425,374.4083515175561,83,58,0,1,0,1,2,11,6,23,24,53,19,3,0,0,0,0,0,0,0,0,0,1,0,0,0,0,0,0,0,0,0,0,0,0,0,0,0,0,0,0,0,0,0,0,0,0,0,0,0,0,0
137,90720,73,278.7260273972603,408.543629198724,40,32,1,0,0,0,0,4,6,6,11,28,17,1,0,0,0,0,0,0,0,0,0,0,0,0,0,0,0,0,0,0,0,0,0,0,0,0,0,0,0,0,0,0,0,0,0,1,0,0,0,0,0
25,90027,199,416.4924623115578,678.1083305977122,79,115,5,0,0,0,2,4,11,16,41,81,38,6,1,0,0,0,0,0,0,0,0,0,0,0,0,0,0,0,0,0,0,0,0,0,0,0,0,0,0,0,0,0,0,0,0,0,0,0,0,0,0
267,91773,89,203.12359550561797,287.5682363337962,54,33,2,0,0,0,0,6,8,14,28,17,10,6,0,0,0,0,0,0,0,0,0,0,0,0,0,0,0,0,0,0,0,0,0,0,0,0,0,0,0,0,0,0,0,0,0,0,0,0,0,1,0
9,90011,104,47.0,57.394230769230774,85,17,0,2,0,4,6,8,5,13,14,18,24,12,0,0,0,0,0,0,0,0,0,0,0,0,0,0,0,0,0,0,0,0,0,0,0,0,0,0,0,0,0,0,0,1,0,0,0,0,0,0,0
153,90810,60,68.26666666666667,79.64444444444445,51,8,1,0,0,0,2,4,6,9,12,10,15,2,0,0,0,0,0,0,0,0,0,0,0,0,1,0,0,0,0,0,0,0,0,0,0,0,0,0,0,0,0,0,0,0,0,0,0,0,0,0,0
180,91206,39,316.97435897435895,512.0355029585799,16,22,1,0,0,1,0,1,2,6,8,11,8,2,0,0,0,0,0,0,0,0,0,0,0,0,0,0,0,0,0,0,0,0,0,0,1,0,0,0,0,0,0,0,0,0,0,0,0,0,0,0,0
109,90504,67,206.83582089552237,299.4488750278458,38,28,1,0,0,0,1,5,8,9,12,19,12,1,0,0,0,0,0,0,0,0,0,1,0,0,0,0,0,0,0,0,0,0,0,0,0,0,0,0,0,0,0,0,0,0,0,0,0,0,0,0,0
183,91210,48,400.5625,625.87890625,21,27,0,0,0,0,0,3,2,13,13,15,1,1,0,0,0,0,0,0,0,0,0,0,0,0,0,0,0,0,0,0,0,0,0,0,1,0,0,0,0,0,0,0,0,0,0,0,0,0,0,0,0
148,90804,112,248.92857142857142,320.05102040816325,81,30,1,0,0,0,0,10,9,10,29,34,20,0,0,0,0,0,0,0,0,0,0,0,0,0,1,0,0,0,0,0,0,0,0,0,0,0,0,0,0,0,0,0,0,0,0,0,0,0,0,0,0
158,91006,95,225.65263157894736,325.41484764542935,54,40,1,0,0,0,1,6,5,10,23,35,12,3,0,0,1,0,0,0,0,0,0,0,0,0,0,0,0,0,0,0,0,0,0,0,0,0,0,0,0,0,0,0,0,0,0,0,0,0,0,0,0
57,90067,94,207.59574468085106,377.64757808963327,28,55,11,0,0,0,0,2,2,20,29,29,8,4,0,0,0,0,0,0,0,0,0,0,0,0,0,0,0,0,0,0,0,0,0,0,0,0,1,0,0,0,0,0,0,0,0,0,0,0,0,0,0
72,90241,137,287.06569343065695,414.88326495817574,76,61,0,0,0,0,8,8,15,21,32,36,15,2,0,0,0,0,0,0,0,0,0,0,0,0,0,0,0,0,0,0,0,0,0,0,0,0,0,0,0,0,0,0,0,0,0,0,1,0,0,0,0
219,91401,80,161.8375,228.59546875,48,31,1,0,0,0,3,4,4,6,13,27,20,3,0,0,0,0,0,0,0,0,0,0,0,0,0,0,0,1,0,0,0,0,0,0,0,0,0,0,0,0,0,0,0,0,0,0,0,0,0,0,0
119,90623,39,271.6923076923077,348.3234714003945,28,11,0,0,0,0,0,4,0,5,11,8,10,1,0,0,0,0,0,0,0,0,0,0,0,0,0,0,0,0,0,0,0,0,0,0,0,0,0,0,1,0,0,0,0,0,0,0,0,0,0,0,0
39,90042,129,235.53488372093022,326.82747431043805,81,46,2,0,0,0,3,4,4,9,19,54,28,8,0,0,0,0,0,0,0,0,0,0,0,0,0,0,0,0,0,0,0,0,0,0,1,0,0,0,0,0,0,0,0,0,0,0,0,0,0,0,0
118,90621,133,253.42105263157896,396.3276612584092,60,71,2,0,0,0,3,3,9,11,34,50,22,1,0,0,0,0,0,0,0,0,0,0,0,0,0,0,0,0,0,0,0,0,0,0,0,0,0,0,1,0,0,0,0,0,0,0,0,0,0,0,0
289,92612,2,12.5,18.75,1,1,0,0,0,0,0,0,0,0,0,0,0,2,0,0,0,0,0,0,0,0,0,0,0,0,0,0,0,0,0,0,0,0,0,1,0,0,0,0,0,0,0,0,0,0,0,0,0,0,0,0,0
193,91321,95,187.93684210526317,273.00299168975073,52,43,0,0,0,0,3,9,3,11,20,24,20,5,0,0,0,0,0,0,0,0,0,0,0,0,0,0,0,0,0,0,0,0,0,0,0,0,0,1,0,0,0,0,0,0,0,0,0,0,0,0,0
5,90006,221,193.19004524886878,269.2422350074732,137,81,3,0,0,0,8,13,15,19,58,65,35,8,1,0,0,0,0,0,0,0,0,0,0,0,0,0,0,0,0,0,0,0,0,0,0,0,0,0,0,0,0,0,0,0,0,0,0,0,0,0,0
210,91361,40,279.225,530.5275,10,24,6,0,0,0,0,0,3,3,11,16,7,0,0,0,0,0,0,0,0,0,0,0,0,0,0,1,0,0,0,0,0,0,0,0,0,0,0,0,0,0,0,0,0,0,0,0,0,0,0,0,0
280,92081,1,32.0,64.0,0,1,0,0,0,0,0,0,0,0,0,0,0,1,0,0,0,0,0,0,1,0,0,0,0,0,0,0,0,0,0,0,0,0,0,0,0,0,0,0,0,0,0,0,0,0,0,0,0,0,0,0,0
336,93553,2,41.5,41.5,2,0,0,0,0,0,0,0,0,0,0,1,0,1,0,0,0,0,0,0,0,0,0,0,0,0,0,0,0,0,0,0,0,1,0,0,0,0,0,0,0,0,0,0,0,0,0,0,0,0,0,0,0
341,96137,1,20.0,40.0,0,1,0,0,0,0,0,0,0,0,0,0,1,0,0,0,0,0,0,0,0,0,0,0,0,0,0,0,0,0,0,0,0,0,0,0,0,0,1,0,0,0,0,0,0,0,0,0,0,0,0,0,0
82,90262,116,74.37068965517241,93.60448870392389,87,28,1,0,0,1,12,14,16,16,24,20,12,1,0,0,0,0,0,1,0,0,0,0,0,0,0,0,0,0,0,0,0,0,0,0,0,0,0,0,0,0,0,0,0,0,0,0,0,0,0,0,0
3,90004,155,240.98709677419356,368.47704474505724,77,74,4,0,0,0,1,2,12,15,27,57,27,14,1,0,0,0,0,0,0,0,0,0,0,0,0,0,0,0,0,0,0,0,0,0,0,0,0,0,0,0,0,0,0,0,0,0,0,0,0,0,0
101,90401,222,523.472972972973,1004.5021913805698,51,142,25,4,0,0,2,6,18,25,49,84,35,3,0,0,0,0,0,0,0,0,0,0,0,0,0,0,0,0,0,0,0,0,0,0,0,0,1,0,0,0,0,0,0,0,0,0,0,0,0,0,0
231,91506,60,262.31666666666666,375.9872222222222,34,26,0,0,0,0,1,4,1,8,12,20,12,2,0,0,0,0,0,0,0,0,0,0,0,0,0,0,0,0,0,0,0,0,0,0,0,0,0,0,0,0,0,0,0,0,1,0,0,0,0,0,0
84,90266,130,390.5769230769231,682.0073964497042,45,75,8,2,0,0,1,5,2,16,34,50,19,3,0,0,0,0,0,0,0,0,0,1,0,0,0,0,0,0,0,0,0,0,0,0,0,0,0,0,0,0,0,0,0,0,0,0,0,0,0,0,0
46,90049,74,272.7432432432432,593.4008400292184,9,45,18,2,0,0,0,0,1,6,17,38,9,3,0,0,0,0,0,0,0,0,0,0,0,0,0,0,0,0,0,0,0,0,0,0,0,0,1,0,0,0,0,0,0,0,0,0,0,0,0,0,0
195,91325,79,199.68354430379748,275.51273834321427,49,30,0,0,0,0,2,5,13,8,15,22,12,2,0,0,0,0,0,0,0,0,0,0,0,0,0,0,0,0,1,0,0,0,0,0,0,0,0,0,0,0,0,0,0,0,0,0,0,0,0,0,0
77,90249,110,180.95454545454547,259.91652892561984,65,43,1,1,0,0,3,4,10,17,19,35,21,1,0,0,0,0,0,0,0,0,0,1,0,0,0,0,0,0,0,0,0,0,0,0,0,0,0,0,0,0,0,0,0,0,0,0,0,0,0,0,0
240,91706,161,91.77018633540372,110.0102233710119,129,32,0,0,0,2,7,14,16,31,23,37,25,6,0,0,1,0,0,0,0,0,0,0,0,0,0,0,0,0,0,0,0,0,0,0,0,0,0,0,0,0,0,0,0,0,0,0,0,0,0,0,0
299,92703,3,40.666666666666664,40.666666666666664,3,0,0,0,0,0,0,0,0,0,1,0,1,1,0,1,0,0,0,0,0,0,0,0,0,0,0,0,0,0,0,0,0,0,0,0,0,0,0,0,0,0,0,0,0,0,0,0,0,0,0,0,0
33,90036,240,444.34583333333336,770.1994444444446,74,156,10,0,0,1,2,7,16,28,56,88,34,8,1,0,0,0,0,0,0,0,0,0,0,0,0,0,0,0,0,0,0,0,0,0,0,0,0,0,0,0,0,0,0,0,0,0,0,0,0,0,0
55,90065,90,98.57777777777778,112.81679012345678,77,13,0,0,0,1,3,7,6,8,11,21,22,11,0,0,0,0,0,0,0,0,0,0,0,0,0,0,0,0,0,0,0,0,0,0,1,0,0,0,0,0,0,0,0,0,0,0,0,0,0,0,0
198,91335,144,165.46527777777777,207.98066165123456,107,37,0,0,0,0,4,12,18,14,25,41,24,6,0,0,0,1,0,0,0,0,0,0,0,0,0,0,0,0,0,0,0,0,0,0,0,0,0,0,0,0,0,0,0,0,0,0,0,0,0,0,0
124,90650,181,103.7182320441989,130.07756173498979,135,46,0,0,0,2,4,21,31,32,28,37,19,7,0,0,0,0,0,0,0,0,0,0,0,0,0,0,0,0,0,0,0,0,0,0,0,0,0,0,0,0,0,0,0,0,0,0,1,0,0,0,0
173,91107,127,313.6377952755906,442.0564201128402,77,49,0,1,0,0,0,9,9,17,27,43,15,7,0,0,0,0,0,0,0,0,0,0,1,0,0,0,0,0,0,0,0,0,0,0,0,0,0,0,0,0,0,0,0,0,0,0,0,0,0,0,0
175,91201,62,180.30645161290323,258.8270031217482,37,24,0,1,0,0,1,2,7,3,11,15,20,3,0,0,0,0,0,0,0,0,0,0,0,0,0,0,0,0,0,0,0,0,0,0,0,0,0,0,0,0,0,0,0,0,1,0,0,0,0,0,0
255,91748,312,304.375,465.34254807692304,154,152,5,1,0,2,0,9,22,49,83,114,28,5,0,0,0,0,0,0,0,0,0,0,0,0,0,0,0,0,0,0,0,0,0,0,0,0,0,0,0,0,0,0,0,0,0,0,0,0,1,0,0
167,91042,35,129.9142857142857,178.1681632653061,22,13,0,0,0,0,0,3,2,1,7,11,11,0,0,0,0,0,0,0,0,0,0,0,0,0,0,0,0,0,0,0,0,0,0,0,0,0,0,0,0,0,0,0,0,0,1,0,0,0,0,0,0
113,90603,51,249.35294117647058,400.9204152249135,20,31,0,0,0,0,0,5,5,5,10,17,8,1,0,0,0,0,0,0,0,0,0,0,0,0,0,0,0,0,0,0,0,0,0,0,0,0,0,0,0,0,0,0,0,0,0,0,0,1,0,0,0
325,93436,3,92.66666666666667,185.33333333333334,0,3,0,0,0,0,0,0,0,0,1,1,1,0,0,0,0,0,0,0,0,0,0,0,0,0,0,0,0,0,1,0,0,0,0,0,0,0,0,0,0,0,0,0,0,0,0,0,0,0,0,0,0
45,90048,172,426.98837209302326,863.9067063277447,36,101,30,5,0,0,0,6,9,16,28,73,37,3,1,0,0,0,0,0,0,0,0,0,0,0,0,0,0,0,0,0,0,0,0,0,0,0,0,0,0,0,0,0,0,0,0,0,0,0,0,0,0
321,93033,1,68.0,68.0,1,0,0,0,0,0,0,0,0,0,0,0,1,0,0,0,0,0,0,0,0,0,1,0,0,0,0,0,0,0,0,0,0,0,0,0,0,0,0,0,0,0,0,0,0,0,0,0,0,0,0,0,0
172,91106,75,391.82666666666665,600.800888888889,42,27,5,1,0,0,0,4,4,10,16,30,11,0,0,0,0,0,0,0,0,0,0,0,1,0,0,0,0,0,0,0,0,0,0,0,0,0,0,0,0,0,0,0,0,0,0,0,0,0,0,0,0
73,90242,89,202.68539325842696,280.11576821108446,56,32,1,0,0,0,4,9,12,10,24,19,9,2,0,0,0,0,0,0,0,0,0,0,0,0,0,0,0,0,0,0,0,0,0,0,0,0,0,0,0,0,0,0,0,0,0,0,1,0,0,0,0
76,90248,90,236.77777777777777,339.3814814814815,55,31,4,0,0,0,0,8,8,11,18,31,11,3,0,0,0,0,0,0,0,0,0,1,0,0,0,0,0,0,0,0,0,0,0,0,0,0,0,0,0,0,0,0,0,0,0,0,0,0,0,0,0
16,90018,50,77.76,96.42240000000001,38,12,0,0,0,0,0,4,6,5,12,15,8,0,1,0,0,0,0,0,0,0,0,0,0,0,0,0,0,0,0,0,0,0,0,0,0,0,0,0,0,0,0,0,0,0,0,0,0,0,0,0,0
66,90220,75,71.72,87.97653333333332,59,15,1,0,0,0,8,11,9,13,10,10,8,6,0,0,0,0,0,1,0,0,0,0,0,0,0,0,0,0,0,0,0,0,0,0,0,0,0,0,0,0,0,0,0,0,0,0,0,0,0,0,0
229,91504,53,214.66037735849056,295.6642933428266,33,20,0,0,0,0,1,5,9,7,5,14,9,3,0,0,0,0,0,0,0,0,0,0,0,0,0,0,0,0,0,0,0,0,0,0,0,0,0,0,0,0,0,0,0,0,1,0,0,0,0,0,0
7,90008,56,101.44642857142857,134.05420918367346,38,18,0,0,0,0,4,6,6,9,10,9,9,3,0,0,0,0,0,0,0,0,0,0,0,0,0,0,0,0,0,0,1,0,0,0,0,0,0,0,0,0,0,0,0,0,0,0,0,0,0,0,0
140,90732,37,127.24324324324324,185.7063550036523,20,17,0,0,0,0,0,2,6,6,9,11,3,0,0,0,0,0,0,0,0,0,0,0,0,0,0,0,0,0,0,0,0,0,0,0,0,1,0,0,0,0,0,0,0,0,0,0,0,0,0,0,0
323,93063,5,168.0,268.8,2,3,0,0,0,0,0,0,0,2,2,0,1,0,0,0,0,1,0,0,0,0,0,0,0,0,0,0,0,0,0,0,0,0,0,0,0,0,0,0,0,0,0,0,0,0,0,0,0,0,0,0,0
305,92802,3,42.0,84.0,0,3,0,0,0,0,0,0,1,0,1,0,1,0,0,0,0,0,0,0,0,0,0,0,0,0,0,0,0,0,0,0,0,0,0,0,0,0,0,0,0,1,0,0,0,0,0,0,0,0,0,0,0
301,92706,1,491.0,982.0,0,1,0,0,0,0,0,0,0,0,0,1,0,0,0,0,0,0,0,0,0,0,0,0,0,0,0,0,0,0,0,0,0,0,0,0,0,0,0,0,0,0,0,0,0,0,0,1,0,0,0,0,0
78,90250,166,124.47590361445783,160.46893598490348,119,46,1,0,0,1,4,13,22,24,37,43,18,4,0,0,0,0,0,0,0,0,0,1,0,0,0,0,0,0,0,0,0,0,0,0,0,0,0,0,0,0,0,0,0,0,0,0,0,0,0,0,0
147,90803,160,514.44375,880.9849218749999,51,105,3,1,0,0,0,2,4,17,31,75,27,4,0,0,0,0,0,0,0,0,0,0,0,0,1,0,0,0,0,0,0,0,0,0,0,0,0,0,0,0,0,0,0,0,0,0,0,0,0,0,0
94,90292,123,412.9024390243902,745.2385484830457,40,68,14,1,0,0,0,3,7,18,39,45,10,1,0,0,0,0,0,0,0,0,0,0,0,0,0,0,0,0,0,0,0,0,0,0,0,0,1,0,0,0,0,0,0,0,0,0,0,0,0,0,0
258,91755,44,258.5,370.125,25,19,0,0,0,0,0,4,4,6,13,10,5,2,0,0,0,0,0,0,0,0,0,0,0,0,0,0,0,0,0,0,0,0,0,0,0,0,0,0,0,0,0,1,0,0,0,0,0,0,0,0,0
60,90077,14,135.71428571428572,319.8979591836735,2,6,5,1,0,0,0,0,0,0,3,8,2,1,0,0,0,0,0,0,0,0,0,0,0,0,0,0,0,1,0,0,0,0,0,0,0,0,0,0,0,0,0,0,0,0,0,0,0,0,0,0,0
332,93543,8,54.375,54.375,8,0,0,0,0,0,0,1,0,1,1,3,2,0,0,0,0,0,1,0,0,0,0,0,0,0,0,0,0,0,0,0,0,0,0,0,0,0,0,0,0,0,0,0,0,0,0,0,0,0,0,0,0
239,91702,129,133.1627906976744,163.0986118622679,100,29,0,0,0,0,2,9,16,18,25,35,21,3,0,0,0,0,0,0,0,0,0,0,0,0,0,0,0,0,0,0,0,0,0,0,0,0,0,0,0,0,0,0,0,0,0,0,0,0,0,1,0
132,90712,112,224.15178571428572,324.21954719387753,64,47,0,1,0,0,1,10,18,26,21,19,13,4,0,0,0,0,0,0,0,0,0,0,0,0,1,0,0,0,0,0,0,0,0,0,0,0,0,0,0,0,0,0,0,0,0,0,0,0,0,0,0
202,91344,106,251.41509433962264,372.3789604841581,58,45,3,0,0,0,5,7,15,10,20,25,18,6,0,0,0,0,0,0,0,0,0,0,0,0,0,0,0,0,1,0,0,0,0,0,0,0,0,0,0,0,0,0,0,0,0,0,0,0,0,0,0
152,90808,92,220.52173913043478,323.5916824196598,49,43,0,0,0,1,1,3,9,8,29,28,11,2,0,0,0,0,0,0,0,0,0,0,0,0,1,0,0,0,0,0,0,0,0,0,0,0,0,0,0,0,0,0,0,0,0,0,0,0,0,0,0
17,90019,161,235.6086956521739,345.36429921685124,91,65,5,0,1,1,2,6,12,13,31,43,44,8,1,0,0,0,0,0,0,0,0,0,0,0,0,0,0,0,0,0,0,0,0,0,0,0,0,0,0,0,0,0,0,0,0,0,0,0,0,0,0
24,90026,214,324.17289719626166,501.40761201851683,102,107,5,0,0,0,1,5,3,14,40,75,60,16,0,0,0,0,0,0,0,0,0,0,0,0,0,0,0,0,0,0,0,0,0,0,0,0,0,0,0,0,0,0,0,1,0,0,0,0,0,0,0
238,91701,1,995.0,1990.0,0,1,0,0,0,0,0,0,0,0,1,0,0,0,0,0,0,0,0,0,0,0,0,0,0,0,0,0,0,0,0,0,0,0,0,0,0,0,0,0,0,0,0,0,0,0,0,0,1,0,0,0,0
145,90755,34,224.97058823529412,324.22231833910035,21,11,2,0,0,2,0,3,7,3,7,9,3,0,0,0,0,0,0,0,0,0,0,0,0,0,1,0,0,0,0,0,0,0,0,0,0,0,0,0,0,0,0,0,0,0,0,0,0,0,0,0,0
209,91356,112,275.9642857142857,482.9375,41,60,9,2,0,0,0,3,8,9,17,33,33,9,0,0,0,1,0,0,0,0,0,0,0,0,0,0,0,0,0,0,0,0,0,0,0,0,0,0,0,0,0,0,0,0,0,0,0,0,0,0,0
254,91746,63,120.0,142.85714285714286,51,12,0,0,0,0,1,6,4,9,13,13,11,6,0,0,1,0,0,0,0,0,0,0,0,0,0,0,0,0,0,0,0,0,0,0,0,0,0,0,0,0,0,0,0,0,0,0,0,0,0,0,0
287,92602,2,41.5,62.25,1,1,0,0,0,0,0,0,0,0,1,1,0,0,0,0,0,0,0,0,0,0,0,0,0,0,0,0,0,0,0,0,0,0,0,0,0,0,0,0,1,0,0,0,0,0,0,0,0,0,0,0,0
139,90731,133,169.66165413533835,239.82248855220757,79,53,1,0,0,1,2,6,12,15,30,35,28,4,0,0,0,0,0,0,0,0,0,0,0,0,0,0,0,0,0,0,0,0,0,0,0,1,0,0,0,0,0,0,0,0,0,0,0,0,0,0,0
272,91786,109,201.8440366972477,287.0259237437926,64,44,1,0,0,0,5,7,8,12,20,36,17,4,0,0,0,0,0,0,0,0,0,0,0,1,0,0,0,0,0,0,0,0,0,0,0,0,0,0,0,0,0,0,0,0,0,0,0,0,0,0,0
179,91205,111,247.17117117117118,371.87014041068096,60,47,3,1,0,0,1,3,7,18,16,38,25,3,0,0,0,0,0,0,0,0,0,0,0,0,0,0,0,0,0,0,0,0,0,0,1,0,0,0,0,0,0,0,0,0,0,0,0,0,0,0,0
143,90745,127,132.3779527559055,164.69068138136277,97,29,1,0,0,0,5,14,20,18,30,21,18,1,0,0,0,0,0,0,0,0,0,0,0,0,0,0,0,0,0,0,0,0,0,0,0,1,0,0,0,0,0,0,0,0,0,0,0,0,0,0,0
19,90021,99,209.82828282828282,326.3995510662177,50,44,4,1,0,0,1,6,3,5,10,34,28,12,0,0,0,0,0,0,0,0,0,0,0,0,0,0,0,0,0,0,0,0,0,0,0,0,0,0,0,0,0,0,0,1,0,0,0,0,0,0,0
256,91750,92,193.7608695652174,294.85349716446126,46,45,0,1,0,0,0,3,9,13,26,23,17,1,0,0,0,0,0,0,0,0,0,0,0,1,0,0,0,0,0,0,0,0,0,0,0,0,0,0,0,0,0,0,0,0,0,0,0,0,0,0,0
79,90254,98,327.81632653061223,568.6609745939191,32,60,6,0,0,0,0,0,3,9,29,34,23,0,0,0,0,0,0,0,0,0,0,1,0,0,0,0,0,0,0,0,0,0,0,0,0,0,0,0,0,0,0,0,0,0,0,0,0,0,0,0,0
108,90503,138,262.5072463768116,378.54305818105445,81,55,0,2,0,0,2,9,20,22,28,45,11,1,0,0,0,0,0,0,0,0,0,1,0,0,0,0,0,0,0,0,0,0,0,0,0,0,0,0,0,0,0,0,0,0,0,0,0,0,0,0,0
18,90020,206,381.97087378640776,636.0000471297955,80,117,7,2,0,0,4,7,3,16,37,83,51,5,1,0,0,0,0,0,0,0,0,0,0,0,0,0,0,0,0,0,0,0,0,0,0,0,0,0,0,0,0,0,0,0,0,0,0,0,0,0,0
116,90606,59,87.84745762711864,110.18155702384372,44,15,0,0,0,0,1,9,8,9,14,13,4,1,0,0,0,0,0,0,0,0,0,0,0,0,0,0,0,0,0,0,0,0,0,0,0,0,0,0,0,0,0,0,0,0,0,0,0,1,0,0,0
266,91770,163,207.12269938650306,271.9279611577402,112,51,0,0,0,1,0,12,11,30,46,41,21,1,0,0,0,0,0,0,0,0,0,0,0,0,0,0,0,0,0,0,0,0,0,0,0,0,0,0,0,0,0,1,0,0,0,0,0,0,0,0,0
